date	login	type	status	url
2026-04-15	groundnuty	comment	200	https://github.com/groundnuty/macf/issues/48#issuecomment-4254384916
2026-04-15	groundnuty	comment	200	https://github.com/groundnuty/macf/issues/48#issuecomment-4254415932
2026-04-15	groundnuty	comment	200	https://github.com/groundnuty/macf/issues/49#issuecomment-4254423742
2026-04-15	groundnuty	comment	200	https://github.com/groundnuty/macf/issues/48#issuecomment-4254444413
2026-04-15	groundnuty	comment	200	https://github.com/groundnuty/macf/issues/49#issuecomment-4254526052
2026-04-15	groundnuty	comment	200	https://github.com/groundnuty/macf/issues/52#issuecomment-4254809373
2026-04-15	groundnuty	comment	200	https://github.com/groundnuty/macf/issues/52#issuecomment-4254956062
2026-04-15	groundnuty	comment	200	https://github.com/groundnuty/macf/issues/55#issuecomment-4254980300
2026-04-15	groundnuty	comment	200	https://github.com/groundnuty/macf/issues/52#issuecomment-4254982133
2026-04-15	groundnuty	comment	200	https://github.com/groundnuty/macf/issues/52#issuecomment-4254999468
2026-04-15	groundnuty	comment	200	https://github.com/groundnuty/macf/issues/55#issuecomment-4255043769
2026-04-15	groundnuty	comment	200	https://github.com/groundnuty/macf/issues/58#issuecomment-4256364947
2026-04-15	groundnuty	comment	200	https://github.com/groundnuty/macf/issues/49#issuecomment-4256365584
2026-04-15	groundnuty	comment	200	https://github.com/groundnuty/macf/issues/53#issuecomment-4256372299
2026-04-15	groundnuty	comment	200	https://github.com/groundnuty/macf/issues/62#issuecomment-4256446324
2026-04-15	groundnuty	comment	200	https://github.com/groundnuty/macf/issues/61#issuecomment-4256447057
2026-04-16	groundnuty	comment	200	https://github.com/groundnuty/macf/issues/83#issuecomment-4263348036
2026-04-16	groundnuty	comment	200	https://github.com/groundnuty/macf/issues/82#issuecomment-4263348154
2026-04-16	groundnuty	comment	200	https://github.com/groundnuty/macf/issues/84#issuecomment-4263377436
2026-04-16	groundnuty	comment	200	https://github.com/groundnuty/macf/issues/85#issuecomment-4263431500
2026-04-16	groundnuty	comment	200	https://github.com/groundnuty/macf/issues/86#issuecomment-4263455891
2026-04-16	groundnuty	comment	200	https://github.com/groundnuty/macf/issues/88#issuecomment-4263477629
2026-04-16	groundnuty	comment	200	https://github.com/groundnuty/macf/issues/89#issuecomment-4263498148
2026-04-17	groundnuty	closure	200	https://github.com/groundnuty/macf/issues/121
2026-04-16	groundnuty	closure	200	https://github.com/groundnuty/macf/issues/82
2026-04-15	groundnuty	closure	200	https://github.com/groundnuty/macf/pull/64
2026-04-15	groundnuty	closure	200	https://github.com/groundnuty/macf/pull/59
2026-04-15	groundnuty	closure	200	https://github.com/groundnuty/macf/pull/51
2026-04-15	groundnuty	closure	200	https://github.com/groundnuty/macf/issues/48
2026-04-17	groundnuty	comment	200	https://github.com/groundnuty/macf-actions/issues/6#issuecomment-4264313967
2026-04-16	groundnuty	closure	200	https://github.com/groundnuty/macf-actions/pull/3
