repo	event	count
groundnuty/macf	issue_comment	1101
groundnuty/macf	issues	574
groundnuty/macf	pull_request	208
groundnuty/macf	pull_request_review	51
groundnuty/macf-actions	issue_comment	131
groundnuty/macf-actions	issues	59
groundnuty/macf-actions	pull_request	20
groundnuty/macf-actions	pull_request_review	2
groundnuty/macf-marketplace	issue_comment	51
groundnuty/macf-marketplace	issues	23
groundnuty/macf-marketplace	pull_request	15
groundnuty/macf-marketplace	pull_request_review	1
groundnuty/macf-devops-toolkit	issue_comment	145
groundnuty/macf-devops-toolkit	issues	94
groundnuty/macf-devops-toolkit	pull_request	40
groundnuty/macf-devops-toolkit	pull_request_review	6
