repo	run_id	event	rbm_conclusion	rbm_duration_s
macf	25363482284	issue_comment	success	23
macf	25363482112	issue_comment	success	22
macf	25341403578	issue_comment	success	26
macf	25341342874	issue_comment	success	26
macf	25341147820	issues	skipped	0
macf	25341147783	issue_comment	success	21
macf	25341070451	issue_comment	success	25
macf	25340857737	issue_comment	success	25
macf	25340801775	issue_comment	success	25
macf	25340555738	issue_comment	success	25
macf	25339792793	issue_comment	success	30
macf	25339790995	issues	skipped	0
macf	25339790172	pull_request	success	24
macf	25339358322	issue_comment	success	24
macf	25339298531	issues	skipped	0
macf	25339296698	issue_comment	success	25
macf	25339232822	issues	skipped	-1
macf	25334183549	issue_comment	success	25
macf	25333983694	issues	skipped	-1
macf	25333983387	issue_comment	success	21
macf	25333909329	issue_comment	success	27
macf	25333853732	issue_comment	success	24
macf	25333852664	pull_request_review	success	26
macf	25333771867	issue_comment	success	28
macf	25333769608	pull_request	success	22
macf	25333769950	issues	skipped	0
macf	25333185248	issue_comment	success	25
macf	25333134902	issue_comment	success	28
macf	25333132657	issues	skipped	0
macf	25333078498	issues	skipped	0
macf	25333078272	issues	skipped	-1
macf	25331745267	issue_comment	success	26
macf	25331373699	issues	skipped	0
macf	25331373447	issue_comment	success	21
macf	25331301492	issue_comment	success	25
macf	25331223990	pull_request_review	success	27
macf	25331224305	issue_comment	success	27
macf	25331141531	issue_comment	success	25
macf	25331139843	issues	skipped	0
macf	25331139141	pull_request	success	23
macf	25330223297	issues	skipped	0
macf	25330223317	issue_comment	success	21
macf	25330166066	issue_comment	success	26
macf	25330103357	issue_comment	success	24
macf	25330102311	pull_request_review	success	24
macf	25330030746	issue_comment	success	26
macf	25330002919	pull_request	success	22
macf	25329655100	issues	skipped	0
macf	25329655113	issue_comment	success	22
macf	25329587577	issue_comment	success	25
macf	25329527140	pull_request_review	success	25
macf	25329495141	issue_comment	success	27
macf	25329483783	issue_comment	success	26
macf	25329447338	issue_comment	success	26
macf	25329410988	issue_comment	success	27
macf	25329376942	issues	skipped	-1
macf	25329367342	pull_request	success	21
macf	25329021186	issue_comment	success	27
macf	25329009326	issue_comment	success	26
macf	25328971310	issue_comment	success	24
macf	25328968742	issue_comment	success	28
macf	25328935267	issue_comment	success	28
macf	25328917913	issues	skipped	0
macf	25328917925	issues	skipped	0
macf	25328846441	issues	skipped	0
macf	25328846080	issues	skipped	0
macf	25328844862	issues	skipped	-1
macf	25328845201	issues	skipped	0
macf	25281203546	issues	skipped	0
macf	25281203579	issue_comment	success	21
macf	25281167862	issue_comment	success	28
macf	25281138802	issue_comment	success	25
macf	25281138485	pull_request_review	success	26
macf	25281099810	issue_comment	success	26
macf	25281099231	issues	skipped	0
macf	25281089598	pull_request	success	23
macf	25280932981	issue_comment	success	26
macf	25280908459	issue_comment	success	26
macf	25280907933	issues	skipped	0
macf	25280880287	issues	skipped	0
macf	25280880280	issues	skipped	0
macf	25280341921	issues	skipped	0
macf	25280341924	issue_comment	success	22
macf	25280306309	issue_comment	success	24
macf	25280277973	issue_comment	success	25
macf	25280277641	pull_request_review	success	26
macf	25280249460	issue_comment	success	28
macf	25280231853	pull_request	success	23
macf	25279938478	issue_comment	success	25
macf	25279916004	issue_comment	success	24
macf	25279824455	issue_comment	success	27
macf	25279823975	pull_request_review	success	25
macf	25279779019	issue_comment	success	25
macf	25279743836	pull_request	success	21
macf	25279507061	issue_comment	success	25
macf	25279482497	issue_comment	success	27
macf	25279439121	issue_comment	success	26
macf	25279410642	issue_comment	success	24
macf	25279377035	issue_comment	success	25
macf	25279376774	pull_request_review	success	26
macf-actions	25143138854	issues	skipped	-1
macf-actions	25143138858	issues	skipped	0
macf-actions	25140976089	issues	skipped	-1
macf-actions	25140976111	issue_comment	success	25
macf-actions	25140929904	issue_comment	success	27
macf-actions	25140608292	pull_request_review	success	23
macf-actions	25140579632	issue_comment	success	28
macf-actions	25140528719	pull_request_review	success	25
macf-actions	25140452202	issue_comment	success	29
macf-actions	25140451242	issues	skipped	0
macf-actions	25140440907	pull_request	success	32
macf-actions	25140054317	issue_comment	success	28
macf-actions	25139343140	issue_comment	success	24
macf-actions	25139267909	issue_comment	success	28
macf-actions	25139267265	issues	skipped	0
macf-actions	25139209362	issues	skipped	0
macf-actions	25139209350	issues	skipped	0
macf-actions	25008379073	issues	skipped	0
macf-actions	25008378537	issue_comment	success	27
macf-actions	25008247068	issue_comment	success	24
macf-actions	24997168832	issues	skipped	0
macf-actions	24997168716	issue_comment	success	24
macf-actions	24997118342	issue_comment	success	26
macf-actions	24997118328	issue_comment	success	25
macf-actions	24996955165	issue_comment	success	27
macf-actions	24996884301	issue_comment	success	27
macf-actions	24996882845	issues	skipped	-1
macf-actions	24996882478	issues	skipped	-1
macf-actions	24996880986	issues	skipped	0
macf-actions	24996677174	issues	skipped	-1
macf-actions	24996677226	issues	skipped	0
macf-actions	24995810044	issues	skipped	0
macf-actions	24995810113	issue_comment	success	24
macf-actions	24953259390	issue_comment	success	25
macf-actions	24953229430	issues	skipped	0
macf-actions	24953229447	issue_comment	success	26
macf-actions	24953166819	issue_comment	success	25
macf-actions	24953125708	issue_comment	success	24
macf-actions	24953092715	issue_comment	success	24
macf-actions	24953050340	issue_comment	success	26
macf-actions	24953009028	issue_comment	success	27
macf-actions	24952963882	issue_comment	success	27
macf-actions	24952959793	issue_comment	success	25
macf-actions	24952162225	issue_comment	success	29
macf-actions	24952079644	pull_request	success	23
macf-actions	24944083200	issues	skipped	0
macf-actions	24944083211	issue_comment	success	21
macf-actions	24936491325	issue_comment	success	24
macf-actions	24935976013	issue_comment	success	29
macf-actions	24935490439	issue_comment	success	28
macf-actions	24935188908	issues	skipped	0
macf-actions	24935188732	issue_comment	success	22
macf-actions	24935021119	issues	skipped	0
macf-actions	24930945199	issue_comment	success	26
macf-actions	24930853224	issues	skipped	0
macf-actions	24929957822	issue_comment	success	25
macf-actions	24929934886	issue_comment	success	25
macf-actions	24929912860	issue_comment	success	28
macf-actions	24928778099	issue_comment	success	23
macf-actions	24928754328	issue_comment	success	27
macf-actions	24928730658	issue_comment	success	25
macf-actions	24928730508	issue_comment	success	25
macf-actions	24928140372	issue_comment	success	26
macf-actions	24928136300	pull_request	success	27
macf-actions	24928073816	issue_comment	success	27
macf-actions	24927387236	issue_comment	success	25
macf-actions	24927365621	issue_comment	success	26
macf-actions	24927314606	issue_comment	success	39
macf-actions	24927261445	issue_comment	success	26
macf-actions	24927231410	issue_comment	success	23
macf-actions	24927231027	issues	skipped	0
macf-actions	24927229304	pull_request	success	25
macf-actions	24899194252	issues	skipped	-1
macf-actions	24742622016	issue_comment	success	25
macf-actions	24742570513	issue_comment	success	25
macf-actions	24742530943	issue_comment	success	28
macf-actions	24740502699	issue_comment	success	23
macf-actions	24740485356	issue_comment	success	22
macf-actions	24740437578	issue_comment	success	28
macf-actions	24740361289	issue_comment	success	27
macf-actions	24740354394	pull_request	success	24
macf-actions	24738376711	issues	skipped	-1
macf-actions	24738376725	issue_comment	success	22
macf-actions	24738316882	issue_comment	success	28
macf-actions	24738313579	issues	skipped	0
macf-actions	24738313455	issue_comment	success	22
macf-actions	24738311875	issues	skipped	0
macf-actions	24738312036	issue_comment	success	24
macf-actions	24738310492	issues	skipped	-1
macf-actions	24738310276	issue_comment	success	23
macf-actions	24738152616	issue_comment	success	25
macf-actions	24738090156	issue_comment	success	26
macf-actions	24737996761	issue_comment	success	27
macf-actions	24737995024	issues	skipped	-1
macf-actions	24737986877	pull_request	success	23
macf-actions	24736229762	issues	skipped	0
macf-actions	24735904668	issue_comment	success	25
macf-actions	24735861368	issue_comment	success	28
macf-actions	24735802935	issue_comment	success	25
macf-actions	24735455501	issue_comment	success	27
macf-marketplace	25331723218	issue_comment	success	23
macf-marketplace	25331698413	pull_request	success	22
macf-marketplace	24985120328	pull_request	success	22
macf-marketplace	24983995473	pull_request	success	22
macf-marketplace	24982659404	pull_request	success	24
macf-marketplace	24981418363	pull_request	success	21
macf-marketplace	24802857464	issue_comment	success	23
macf-marketplace	24802857199	issues	skipped	-1
macf-marketplace	24802856519	issues	skipped	0
macf-marketplace	24802855169	issue_comment	success	24
macf-marketplace	24793744573	pull_request	success	20
macf-marketplace	24791683920	pull_request_review	success	21
macf-marketplace	24791556649	issue_comment	success	28
macf-marketplace	24788244414	pull_request	success	24
macf-marketplace	24760358024	pull_request	success	22
macf-marketplace	24747904525	issues	skipped	0
macf-marketplace	24747904547	issue_comment	success	25
macf-marketplace	24747832149	issue_comment	success	25
macf-marketplace	24747787219	issue_comment	success	28
macf-marketplace	24747678521	issue_comment	success	32
macf-marketplace	24747676753	issues	skipped	0
macf-marketplace	24747670052	pull_request	success	22
macf-marketplace	24747588125	issue_comment	success	24
macf-marketplace	24747547837	issue_comment	success	27
macf-marketplace	24747499125	issue_comment	success	25
macf-marketplace	24747474296	issues	skipped	-1
macf-marketplace	24747420053	issue_comment	success	25
macf-marketplace	24747410683	issue_comment	success	24
macf-marketplace	24747376624	issue_comment	success	24
macf-marketplace	24747331215	issues	skipped	-1
macf-marketplace	24747331403	issues	skipped	0
macf-marketplace	24747330014	issue_comment	success	26
macf-marketplace	24747225220	issue_comment	success	26
macf-marketplace	24747223793	issues	skipped	-1
macf-marketplace	24747217205	pull_request	success	24
macf-marketplace	24747137442	issue_comment	success	23
macf-marketplace	24747136386	issue_comment	success	29
macf-marketplace	24747125725	issue_comment	success	35
macf-marketplace	24747085704	issues	skipped	-1
macf-marketplace	24747085731	issue_comment	success	23
macf-marketplace	24747072771	issue_comment	success	25
macf-marketplace	24747034604	issues	skipped	0
macf-marketplace	24747022157	issue_comment	success	27
macf-marketplace	24747022097	issues	skipped	-1
macf-marketplace	24747022108	issues	skipped	0
macf-marketplace	24746976420	issue_comment	success	25
macf-marketplace	24746605427	issues	skipped	0
macf-marketplace	24746605777	issue_comment	success	22
macf-marketplace	24746575299	issue_comment	success	28
macf-marketplace	24746544622	issue_comment	success	25
macf-marketplace	24746521992	issue_comment	success	26
macf-marketplace	24746471220	issue_comment	success	25
macf-marketplace	24746435922	issue_comment	success	27
macf-marketplace	24746383029	issue_comment	success	28
macf-marketplace	24746249349	issue_comment	success	28
macf-marketplace	24746202331	issue_comment	success	25
macf-marketplace	24746150553	issue_comment	success	25
macf-marketplace	24746126864	pull_request	success	22
macf-marketplace	24746113648	issue_comment	success	253
macf-marketplace	24746068555	issue_comment	success	27
macf-marketplace	24745992057	issue_comment	success	27
macf-marketplace	24745836484	issue_comment	success	28
macf-marketplace	24745783122	issue_comment	success	28
macf-marketplace	24745691675	issue_comment	success	28
macf-marketplace	24745690439	issues	skipped	0
macf-marketplace	24745683217	pull_request	success	24
macf-marketplace	24745427315	issues	skipped	-1
macf-marketplace	24745427321	issues	skipped	-1
macf-marketplace	24740946519	issues	skipped	0
macf-marketplace	24740946369	issue_comment	success	23
macf-marketplace	24737951480	issue_comment	success	26
macf-marketplace	24737899086	issue_comment	success	26
macf-marketplace	24737802171	issue_comment	success	29
macf-marketplace	24737800397	issues	skipped	-1
macf-marketplace	24737794225	pull_request	success	21
macf-marketplace	24737730238	issue_comment	success	26
macf-marketplace	24737664839	issue_comment	success	25
macf-marketplace	24737664818	issues	skipped	0
macf-marketplace	24732472582	issues	skipped	0
macf-marketplace	24729265252	issue_comment	success	28
macf-marketplace	24729182958	issue_comment	success	25
macf-marketplace	24729063881	issue_comment	success	28
macf-marketplace	24729061205	issues	skipped	-1
macf-marketplace	24729053409	pull_request	success	22
macf-marketplace	24728960762	issue_comment	success	26
macf-marketplace	24728879445	issue_comment	success	24
macf-marketplace	24728733577	issue_comment	success	28
macf-marketplace	24728732094	issues	skipped	0
macf-marketplace	24728647907	issues	skipped	0
macf-marketplace	24709811759	pull_request	success	25
macf-devops-toolkit	25222664444	issue_comment	success	24
macf-devops-toolkit	25222615791	issue_comment	success	24
macf-devops-toolkit	25222615292	pull_request	success	24
macf-devops-toolkit	25222185526	issue_comment	success	25
macf-devops-toolkit	25222109805	issue_comment	success	24
macf-devops-toolkit	25222109180	pull_request	success	22
macf-devops-toolkit	25218893132	issue_comment	success	327
macf-devops-toolkit	25218892405	pull_request	success	21
macf-devops-toolkit	25216868100	pull_request_review	success	26
macf-devops-toolkit	25216817872	issue_comment	success	27
macf-devops-toolkit	25216817388	pull_request	success	22
macf-devops-toolkit	25216194120	pull_request_review	success	26
macf-devops-toolkit	25216151179	issue_comment	success	25
macf-devops-toolkit	25216150462	pull_request	success	21
macf-devops-toolkit	25184670011	pull_request_review	success	24
macf-devops-toolkit	25181213958	issue_comment	success	25
macf-devops-toolkit	25181013164	pull_request	success	22
macf-devops-toolkit	25181013330	issue_comment	success	25
macf-devops-toolkit	25180132131	pull_request_review	success	26
macf-devops-toolkit	25179862526	issue_comment	success	24
macf-devops-toolkit	25179861966	pull_request	success	22
macf-devops-toolkit	25112201284	issue_comment	success	26
macf-devops-toolkit	25112119282	issue_comment	success	26
macf-devops-toolkit	25111950637	issues	skipped	0
macf-devops-toolkit	25111881731	issue_comment	success	25
macf-devops-toolkit	25110881200	pull_request_review	success	22
macf-devops-toolkit	25110779581	issues	skipped	-1
macf-devops-toolkit	25110778888	issue_comment	success	26
macf-devops-toolkit	25110778589	pull_request	success	22
macf-devops-toolkit	25110574027	issue_comment	success	29
macf-devops-toolkit	25110467756	issue_comment	success	28
macf-devops-toolkit	25110218515	issue_comment	success	25
macf-devops-toolkit	25110217041	issues	skipped	-1
macf-devops-toolkit	25110142878	issues	skipped	-1
macf-devops-toolkit	25107767335	issues	skipped	0
macf-devops-toolkit	25107707804	pull_request_review	success	28
macf-devops-toolkit	25107579982	issues	skipped	-1
macf-devops-toolkit	25107579237	issue_comment	success	27
macf-devops-toolkit	25107577872	pull_request	success	22
macf-devops-toolkit	25106679381	issue_comment	success	26
macf-devops-toolkit	25106678335	issues	skipped	0
macf-devops-toolkit	25106617461	issues	skipped	0
macf-devops-toolkit	25008309850	issue_comment	success	22
macf-devops-toolkit	24962831392	issue_comment	success	24
macf-devops-toolkit	24962664084	issue_comment	success	24
macf-devops-toolkit	24962623660	issue_comment	success	31
macf-devops-toolkit	24962534249	pull_request	success	25
macf-devops-toolkit	24962534257	issue_comment	success	27
macf-devops-toolkit	24962466700	issues	skipped	0
macf-devops-toolkit	24962460107	issue_comment	success	24
macf-devops-toolkit	24962459625	issues	skipped	0
macf-devops-toolkit	24962438479	issue_comment	success	24
macf-devops-toolkit	24962402227	issues	skipped	0
macf-devops-toolkit	24962402069	issue_comment	success	24
macf-devops-toolkit	24962401709	pull_request	success	23
macf-devops-toolkit	24962366967	issue_comment	success	28
macf-devops-toolkit	24962361954	issues	skipped	0
macf-devops-toolkit	24962346071	issue_comment	success	30
macf-devops-toolkit	24962345687	issues	skipped	0
macf-devops-toolkit	24962232163	issue_comment	success	25
macf-devops-toolkit	24962203865	issue_comment	success	27
macf-devops-toolkit	24962203879	issues	skipped	0
macf-devops-toolkit	24962136318	issue_comment	success	26
macf-devops-toolkit	24961776745	issue_comment	success	26
macf-devops-toolkit	24961754272	issue_comment	success	27
macf-devops-toolkit	24961729027	issue_comment	success	24
macf-devops-toolkit	24961700148	pull_request	success	26
macf-devops-toolkit	24961501518	issue_comment	success	25
macf-devops-toolkit	24961445803	issues	skipped	0
macf-devops-toolkit	24959930031	issues	skipped	0
macf-devops-toolkit	24959910151	issue_comment	success	27
macf-devops-toolkit	24959887035	issues	skipped	0
macf-devops-toolkit	24959886702	pull_request	success	23
macf-devops-toolkit	24959886700	issue_comment	success	24
macf-devops-toolkit	24959380956	issues	skipped	0
macf-devops-toolkit	24956177320	issues	skipped	0
macf-devops-toolkit	24956177366	issue_comment	success	22
macf-devops-toolkit	24956157985	issue_comment	success	25
macf-devops-toolkit	24956142114	issue_comment	success	28
macf-devops-toolkit	24956118487	pull_request	success	22
macf-devops-toolkit	24956118563	issue_comment	success	27
macf-devops-toolkit	24956118688	issues	skipped	0
macf-devops-toolkit	24956108916	issue_comment	success	27
macf-devops-toolkit	24956108443	issue_comment	success	27
macf-devops-toolkit	24956091481	issue_comment	success	27
macf-devops-toolkit	24956050975	issue_comment	success	25
macf-devops-toolkit	24956007028	issues	skipped	0
macf-devops-toolkit	24955842980	issues	skipped	0
macf-devops-toolkit	24955824852	issue_comment	success	28
macf-devops-toolkit	24955790156	issues	skipped	0
macf-devops-toolkit	24955789892	issue_comment	success	25
macf-devops-toolkit	24955785853	issues	skipped	0
macf-devops-toolkit	24955785252	pull_request	success	24
macf-devops-toolkit	24955763714	issue_comment	success	28
macf-devops-toolkit	24955730541	issues	skipped	-1
macf-devops-toolkit	24955727523	issue_comment	success	25
macf-devops-toolkit	24955727099	pull_request	success	21
macf-devops-toolkit	24955637923	issues	skipped	0
macf-devops-toolkit	24955238873	issues	skipped	0
macf-devops-toolkit	24955230857	issues	skipped	-1
